{
  "$schema": "https://schema.management.azure.com/schemas/2019-04-01/deploymentTemplate.json#",
  "contentVersion": "1.0.0.0",
  "parameters": {
    "vmName": {
      "type": "string"
    },
    "vmSize": {
      "type": "string",
      "defaultValue": "Standard_D4s_v3"
    },
    "adminUsername": {
      "type": "string"
    },
    "sshPublicKey": {
      "type": "string"
    },
    "location": {
      "type": "string",
      "defaultValue": "[resourceGroup().location]"
    }
  },
  "variables": {
    "vnetName": "vnet-tpot",
    "subnetName": "snet-tpot",
    "nsgName": "nsg-tpot",
    "nicName": "nic-tpot",
    "pipName": "pip-tpot"
  },
  "resources": [
    {
      "type": "Microsoft.Network/publicIPAddresses",
      "apiVersion": "2023-09-01",
      "name": "[variables('pipName')]",
      "location": "[parameters('location')]",
      "sku": {
        "name": "Standard"
      },
      "properties": {
        "publicIPAllocationMethod": "Static"
      }
    },
    {
      "type": "Microsoft.Network/networkSecurityGroups",
      "apiVersion": "2023-09-01",
      "name": "[variables('nsgName')]",
      "location": "[parameters('location')]",
      "properties": {
        "securityRules": []
      }
    },
    {
      "type": "Microsoft.Network/virtualNetworks",
      "apiVersion": "2023-09-01",
      "name": "[variables('vnetName')]",
      "location": "[parameters('location')]",
      "properties": {
        "addressSpace": {
          "addressPrefixes": [
            "10.20.0.0/16"
          ]
        },
        "subnets": [
          {
            "name": "[variables('subnetName')]",
            "properties": {
              "addressPrefix": "10.20.1.0/24",
              "networkSecurityGroup": {
                "id": "[resourceId('Microsoft.Network/networkSecurityGroups', variables('nsgName'))]"
              }
            }
          }
        ]
      }
    },
    {
      "type": "Microsoft.Network/networkInterfaces",
      "apiVersion": "2023-09-01",
      "name": "[variables('nicName')]",
      "location": "[parameters('location')]",
      "properties": {
        "ipConfigurations": [
          {
            "name": "ipconfig1",
            "properties": {
              "subnet": {
                "id": "[resourceId('Microsoft.Network/virtualNetworks/subnets', variables('vnetName'), variables('subnetName'))]"
              },
              "publicIPAddress": {
                "id": "[resourceId('Microsoft.Network/publicIPAddresses', variables('pipName'))]"
              }
            }
          }
        ]
      }
    },
    {
      "type": "Microsoft.Compute/virtualMachines",
      "apiVersion": "2023-09-01",
      "name": "[parameters('vmName')]",
      "location": "[parameters('location')]",
      "properties": {
        "hardwareProfile": {
          "vmSize": "[parameters('vmSize')]"
        },
        "osProfile": {
          "computerName": "[parameters('vmName')]",
          "adminUsername": "[parameters('adminUsername')]",
          "linuxConfiguration": {
            "disablePasswordAuthentication": true,
            "ssh": {
              "publicKeys": [
                {
                  "path": "[concat('/home/', parameters('adminUsername'), '/.ssh/authorized_keys')]",
                  "keyData": "[parameters('sshPublicKey')]"
                }
              ]
            }
          }
        },
        "storageProfile": {
          "imageReference": {
            "publisher": "Canonical",
            "offer": "0001-com-ubuntu-server-jammy",
            "sku": "22_04-lts",
            "version": "latest"
          },
          "osDisk": {
            "createOption": "FromImage",
            "diskSizeGB": 256
          }
        },
        "networkProfile": {
          "networkInterfaces": [
            {
              "id": "[resourceId('Microsoft.Network/networkInterfaces', variables('nicName'))]"
            }
          ]
        }
      }
    }
  ],
  "outputs": {
    "publicIp": {
      "type": "string",
      "value": "[reference(resourceId('Microsoft.Network/publicIPAddresses', variables('pipName'))).ipAddress]"
    }
  }
}